ID,SKU,Product,Warehouse,System qty
P001159,TOL-0288,Zinc Drill Bit 1 inch,Chennai,230
P001852,SAF-0460,Heavy Duty Reflective Vest 25mm,Delhi,320
P002036,FAS-0508,Compact Rivet M8,Hyderabad,470
P002509,TOL-0624,Zinc Drill Bit 2.5mm,Chennai,286
P001849,SAF-0459,Heavy Duty Dust Mask 2.5mm,Hyderabad,36
P000993,PKG-0248,Galvanized Stretch Film M6,Chennai,25
P002223,PLU-0555,Brass PVC Pipe 2.5mm,Delhi,368
P001424,TOL-0355,Heavy Duty Hacksaw Blade 1 inch,Mumbai,743
P002190,PLU-0546,Compact Elbow Joint 2.5mm,Kolkata,105
P000115,PKG-0029,Premium Cardboard Box 12mm,Delhi,72
