ID,SKU,Product,Warehouse,Supplier,Qty,Min,Order qty,Cost,Benefit
P002155,SAF-0537,Premium Reflective Vest M6,Hyderabad,Larsen Fittings,360,400,440,6;416,18;040
P002159,FAS-0538,Compact Wood Screw 50mm,Chennai,Tata Steel Traders,51,232,413,4;886,12;390
P000106,FAS-0027,Premium Hex Bolt 25mm,Kolkata,Reliance Industrial,187,192,197,3;939,6;501
P002142,PLU-0534,Industrial PVC Pipe 1 inch,Chennai,Kaveri Packaging,132,238,344,8;848,12;040
P001105,FAS-0275,Rubber Anchor Bolt 25mm,Kolkata,Reliance Industrial,167,280,393,11;716,14;148
P002694,FAS-0673,Stainless Hex Nut M6,Hyderabad,Tata Steel Traders,138,160,182,2;647,3;094
P000870,SAF-0216,Brass Ear Plug 50mm,Mumbai,Havells Direct,234,240,246,8;893,10;086
P001577,PKG-0394,Compact Packing Tape 2.5mm,Kolkata,Apex Industrial,175,273,371,13;876,14;840
P001623,ELE-0404,Industrial Switch Socket 1 inch,Kolkata,Anand Electricals,15,144,273,9;924,10;101
P000168,SAF-0043,Galvanized Work Gloves 50mm,Kolkata,Havells Direct,0,40,80,1;364,1;200
P002327,FAS-0579,Heavy Duty Rivet M8,Mumbai,Tata Steel Traders,214,224,234,9;988,7;722
P000355,FAS-0088,Industrial Anchor Bolt 1 inch,Hyderabad,Reliance Industrial,36,147,258,7;756,5;676
P002154,SAF-0537,Premium Reflective Vest M6,Chennai,Larsen Fittings,37,81,125,1;823,1;250
P001609,SAF-0402,Industrial Reflective Vest M6,Chennai,Larsen Fittings,129,150,171,4;048,2;736
P000545,PKG-0137,Zinc Bubble Wrap 12mm,Chennai,Jindal Pipes,39,180,321,9;589,6;099
P002526,PKG-0628,Zinc Pallet Strap 50mm,Chennai,Apex Industrial,0,162,324,46;439,27;216
P000547,PKG-0137,Zinc Bubble Wrap 12mm,Kolkata,Jindal Pipes,63,126,189,5;646,2;835
P002304,SAF-0574,Stainless Work Gloves M10,Hyderabad,Havells Direct,112,324,536,40;870,19;832
P000352,FAS-0088,Industrial Anchor Bolt 1 inch,Chennai,Reliance Industrial,9,20,31,932,155
